player_name,primary_tour,dg_rank,dg_change,owgr_rank,owgr_change,dg_index
"Scheffler, Scottie",PGA Tour,1,0,1,0,3.073
"Rahm, Jon",LIV Golf,2,1,59,18,2.042
"DeChambeau, Bryson",LIV Golf,3,-1,13,-3,1.947
"McIlroy, Rory",PGA Tour,4,0,2,0,1.808
"Schauffele, Xander",PGA Tour,5,4,3,0,1.68
"Morikawa, Collin",PGA Tour,6,2,4,0,1.65
"Niemann, Joaquin",LIV Golf,7,-2,80,-1,1.612
"Fleetwood, Tommy",PGA Tour,8,-1,17,-4,1.602
"Thomas, Justin",PGA Tour,9,-3,5,0,1.556
"Henley, Russell",PGA Tour,10,4,6,1,1.502
"Burns, Sam",PGA Tour,11,4,19,3,1.48
"Straka, Sepp",PGA Tour,12,-2,7,1,1.457
"Hatton, Tyrrell",LIV Golf,13,5,18,6,1.456
"Griffin, Ben",PGA Tour,14,2,15,0,1.455
"Cantlay, Patrick",PGA Tour,15,-4,20,-4,1.421
"Conners, Corey",PGA Tour,16,-3,24,-3,1.405
"Bradley, Keegan",PGA Tour,17,0,21,-3,1.35
"Spaun, J.J.",PGA Tour,18,7,8,17,1.337
"Hovland, Viktor",PGA Tour,19,4,9,5,1.304
"MacIntyre, Robert",PGA Tour,20,8,12,8,1.273
"Matsuyama, Hideki",PGA Tour,21,-2,11,-2,1.228
"Spieth, Jordan",PGA Tour,22,0,44,3,1.177
"Lowry, Shane",PGA Tour,23,-11,16,-4,1.16
"Aberg, Ludvig",PGA Tour,24,-4,10,-4,1.117
"Kim, Si Woo",PGA Tour,25,-4,61,0,1.11
"McNealy, Maverick",PGA Tour,26,1,14,-3,1.08
"Berger, Daniel",PGA Tour,27,-1,29,0,1.025
"Ortiz, Carlos",LIV Golf,28,15,113,133,1.021
"Day, Jason",PGA Tour,29,8,38,1,0.99
"Poston, J.T.",PGA Tour,30,5,41,-1,0.988
"Rai, Aaron",PGA Tour,31,5,32,1,0.975
"Finau, Tony",PGA Tour,32,0,43,-2,0.97
"Pendrith, Taylor",PGA Tour,33,0,37,0,0.963
"Reed, Patrick",LIV Golf,34,4,55,4,0.962
"Taylor, Nick",PGA Tour,35,6,31,0,0.935
"Scott, Adam",PGA Tour,36,10,40,2,0.933
"Hall, Harry",PGA Tour,37,-7,84,-2,0.932
"Greyserman, Max",PGA Tour,38,4,46,2,0.932
"English, Harris",PGA Tour,39,-15,22,-5,0.924
"Fox, Ryan",PGA Tour,40,7,30,2,0.901
"McCarthy, Denny",PGA Tour,41,-12,45,-1,0.892
"Bhatia, Akshay",PGA Tour,42,-11,34,-4,0.871
"Young, Cameron",PGA Tour,43,22,39,17,0.843
"Stevens, Sam",PGA Tour,44,6,63,1,0.84
"Im, Sungjae",PGA Tour,45,-11,25,-2,0.835
"Noren, Alex",PGA Tour,46,-7,75,-1,0.833
"Mitchell, Keith",PGA Tour,47,-7,89,-2,0.82
"Novak, Andrew",PGA Tour,48,-3,35,1,0.81
"Kim, Michael",PGA Tour,49,-5,56,-2,0.78
"Fitzpatrick, Matt",PGA Tour,50,1,78,2,0.774
"Neergaard-Petersen, Rasmus",DP World Tour,51,16,83,8,0.76
"Gerard, Ryan",PGA Tour,52,-4,71,-1,0.74
"Olesen, Thorbjorn",PGA Tour,53,-4,86,-3,0.725
"Hoge, Tom",PGA Tour,54,-1,47,-1,0.671
"Horschel, Billy",PGA Tour,55,-1,26,0,0.665
"Cauley, Bud",PGA Tour,56,-4,60,-2,0.656
"Smalley, Alex",PGA Tour,57,-2,112,-1,0.654
"Munoz, Sebastian",LIV Golf,58,-2,null,0,0.651
"Bezuidenhout, Christiaan",PGA Tour,59,21,64,5,0.65
"Yu, Kevin",PGA Tour,60,-3,65,-3,0.644
"Herbert, Lucas",LIV Golf,61,-3,178,1,0.633
"Puig, David",LIV Golf,62,-3,124,-1,0.627
"Hughes, Mackenzie",PGA Tour,63,-3,50,0,0.624
"Fowler, Rickie",PGA Tour,64,-2,107,1,0.61
"Detry, Thomas",PGA Tour,65,14,33,2,0.607
"Wallace, Matt",PGA Tour,66,18,87,2,0.597
"Lee, Min Woo",PGA Tour,67,-4,36,-2,0.589
"Jaeger, Stephan",PGA Tour,68,-4,53,-4,0.586
"Glover, Lucas",PGA Tour,69,-1,48,-3,0.572
"Thompson, Davis",PGA Tour,70,-1,62,-2,0.571
"Smith, Cameron",LIV Golf,71,0,181,-5,0.557
"Koepka, Brooks",LIV Golf,72,26,265,160,0.549
"Leishman, Marc",LIV Golf,73,9,416,0,0.527
"Hisatsune, Ryo",PGA Tour,74,-2,88,-4,0.518
"Bridgeman, Jacob",PGA Tour,75,-5,70,-3,0.513
"Grillo, Emiliano",PGA Tour,76,24,135,15,0.512
"Putnam, Andrew",PGA Tour,77,-4,133,-2,0.511
"Gotterup, Chris",PGA Tour,78,21,171,21,0.505
"Coody, Pierceson",PGA Tour,79,-5,138,1,0.502
"Harman, Brian",PGA Tour,80,-14,28,0,0.499
"Hojgaard, Rasmus",PGA Tour,81,4,67,1,0.474
"Perez, Victor",PGA Tour,82,30,95,4,0.46
"Kuchar, Matt",PGA Tour,83,-6,136,0,0.46
"Garcia, Sergio",LIV Golf,84,-6,435,-5,0.456
"An, Byeong Hun",PGA Tour,85,-9,49,-6,0.454
"Rodgers, Patrick",PGA Tour,86,-5,91,-5,0.445
"Kitayama, Kurt",PGA Tour,87,-4,100,-2,0.438
"Kirk, Chris",PGA Tour,88,34,85,9,0.433
"Kim, Tom",PGA Tour,89,21,52,0,0.431
"Burmester, Dean",LIV Golf,90,-4,196,-3,0.427
"Whaley, Vince",PGA Tour,91,-3,131,-1,0.408
"Cole, Eric",PGA Tour,92,-17,77,-4,0.406
"Zalatoris, Will",PGA Tour,93,-4,92,-4,0.4
"Clanton, Luke",Amateur Events,94,-4,120,-1,0.398
"Moore, Taylor",PGA Tour,95,-4,97,-2,0.391
"Hodges, Lee",PGA Tour,96,-4,106,-3,0.389
"Clark, Wyndham",PGA Tour,97,0,27,0,0.379
"Schmid, Matti",PGA Tour,98,-5,79,-1,0.376
"Tringale, Cameron",LIV Golf,99,-5,null,0,0.375
"Hubbard, Mark",PGA Tour,100,-4,117,-2,0.362
"McCarty, Matt",PGA Tour,101,-40,54,-3,0.344
"Woodland, Gary",PGA Tour,102,-7,96,-3,0.339
"Oosthuizen, Louis",LIV Golf,103,-2,362,-6,0.326
"Casey, Paul",LIV Golf,104,-2,null,0,0.325
"Keefer, Johnny",Korn Ferry Tour,105,-18,81,0,0.321
"Gooch, Talor",LIV Golf,106,-3,null,0,0.32
"Power, Seamus",PGA Tour,107,-3,132,-1,0.305
"Knapp, Jake",PGA Tour,108,-3,98,-2,0.301
"McGreevy, Max",PGA Tour,109,-3,90,-5,0.301
"Ryder, Sam",PGA Tour,110,-3,163,-5,0.296
"Norgaard, Niklas",PGA Tour,111,7,101,5,0.294
"Schwartzel, Charl",LIV Golf,112,-1,403,-6,0.281
"Vegas, Jhonattan",PGA Tour,113,11,51,2,0.277
"Pieters, Thomas",LIV Golf,114,-1,null,0,0.262
"Norlander, Henrik",PGA Tour,115,-1,177,-2,0.257
"Van Rooyen, Erik",PGA Tour,116,0,76,0,0.245
"Ancer, Abraham",LIV Golf,117,0,null,0,0.24
"Roy, Kevin",PGA Tour,118,1,179,-1,0.218
"Hoey, Rico",PGA Tour,119,1,121,0,0.217
"Smith, Jordan",DP World Tour,120,-12,108,2,0.217
"Hojgaard, Nicolai",PGA Tour,121,0,110,-5,0.214
"McKibbin, Tom",DP World Tour,122,1,129,-2,0.21
"Koivun, Jackson",Amateur Events,123,7,null,0,0.2
"Theegala, Sahith",PGA Tour,124,2,42,-4,0.194
"Echavarria, Nico",PGA Tour,125,-16,57,-2,0.193
"Rozner, Antoine",PGA Tour,126,1,141,-4,0.19
"Svensson, Jesper",PGA Tour,127,1,123,-3,0.188
"Meissner, Mitchell",Korn Ferry Tour,128,3,244,3,0.172
"Thorbjornsen, Michael",PGA Tour,129,3,143,-2,0.162
"Li, Haotong",DP World Tour,130,3,104,-4,0.156
"Chacarra, Eugenio",DP World Tour,131,4,142,-2,0.132
"Ferguson, Ewen",DP World Tour,132,4,137,-4,0.127
"Johnson, Zach",PGA Tour,133,4,184,-1,0.126
"Castillo, Ricky",PGA Tour,134,4,212,1,0.118
"Valimaki, Sami",PGA Tour,135,4,114,-1,0.116
"Nakajima, Keita",DP World Tour,136,5,116,0,0.113
"Cummins, Quade",PGA Tour,137,5,263,-2,0.104
"Manassero, Matteo",PGA Tour,138,6,119,-1,0.1
"Schaper, Jayden",DP World Tour,139,6,175,-1,0.098
"Rose, Justin",PGA Tour,140,-15,23,-4,0.096
"Luiten, Joost",DP World Tour,141,5,202,-2,0.093
"Kim, S.H.",Korn Ferry Tour,142,5,118,-1,0.092
"Lahiri, Anirban",LIV Golf,143,5,null,0,0.092
"Eckroat, Austin",PGA Tour,144,5,73,-1,0.07
"Hossler, Beau",PGA Tour,145,5,102,-5,0.069
"Fisk, Steven",PGA Tour,146,5,153,-2,0.063
"Canter, Laurie",DP World Tour,147,8,66,0,0.062
"Bland, Richard",LIV Golf,148,-33,null,0,0.051
"Laporta, Francesco",DP World Tour,149,4,237,-1,0.035
"Fishburn, Patrick",PGA Tour,150,4,122,0,0.024
"Smotherman, Austin",Korn Ferry Tour,151,5,174,-1,0.019
"Watson, Bubba",LIV Golf,152,5,null,0,0.017
"Jordan, Matthew",DP World Tour,153,-13,140,-5,0.006
"Ghim, Doug",PGA Tour,154,-25,126,-2,0.003
"Kanaya, Takumi",PGA Tour,155,3,187,-1,-0.001
"Highsmith, Joe",PGA Tour,156,-13,69,-4,-0.004
"Salinda, Isaiah",PGA Tour,157,2,170,-2,-0.008
"Young, Carson",PGA Tour,158,2,169,-3,-0.009
"Walker, Danny",PGA Tour,159,2,189,2,-0.012
"Homa, Max",PGA Tour,160,3,94,-2,-0.022
"Kim, Chan",PGA Tour,161,3,152,-3,-0.024
"Simpson, Webb",PGA Tour,162,3,374,-3,-0.03
"Stone, Brandon",DP World Tour,163,3,255,-3,-0.033
"Campbell, Brian",PGA Tour,164,-30,111,-2,-0.034
"Parry, John",DP World Tour,165,2,109,-2,-0.035
"Dahmen, Joel",PGA Tour,166,2,161,-4,-0.035
"Howell III, Charles",LIV Golf,167,3,null,0,-0.044
"Couvra, Martin",DP World Tour,168,3,144,-2,-0.045
"Johnson, Dustin",LIV Golf,169,0,null,0,-0.046
"Uihlein, Peter",LIV Golf,170,2,182,-2,-0.048
"Reitan, Kristoffer",DP World Tour,171,2,99,2,-0.053
"Penge, Marco",DP World Tour,172,3,183,-2,-0.062
"Dumont De Chassart, Adrien",Korn Ferry Tour,173,3,251,0,-0.07
"Riley, Davis",PGA Tour,174,-22,58,-1,-0.078
"Crowe, Trace",Korn Ferry Tour,175,2,166,4,-0.084
"Bairstow, Sam",DP World Tour,176,-14,180,-3,-0.086
"Hadwin, Adam",PGA Tour,177,1,103,-1,-0.091
"Pan, C.T.",PGA Tour,178,1,173,-2,-0.102
"Phillips, Chandler",PGA Tour,179,1,166,-1,-0.103
"Bramlett, Joseph",PGA Tour,180,1,230,-1,-0.107
"Hirata, Kensei",Korn Ferry Tour,181,1,128,-2,-0.107
"Garnett, Brice",PGA Tour,182,1,195,-1,-0.113
"Meissner, Mac",PGA Tour,183,1,158,3,-0.115
"Paul, Jeremy",PGA Tour,184,2,235,-3,-0.122
"Sullivan, Andy",DP World Tour,185,2,205,1,-0.131
"Sigg, Greyson",PGA Tour,186,2,214,-3,-0.156
"Norris, Shaun",Other Tours,187,29,93,19,-0.166
"Campillo, Jorge",DP World Tour,188,1,125,0,-0.172
"Lee, Seung-taek",Korn Ferry Tour,189,1,224,0,-0.172
"Saddier, Adrien",DP World Tour,190,1,203,-1,-0.18
"Ramey, Chad",PGA Tour,191,1,257,-2,-0.184
"Ventura, Kris",PGA Tour,192,1,200,5,-0.186
"Hoffman, Charley",PGA Tour,193,1,134,0,-0.188
"Lawrence, Thriston",DP World Tour,194,78,82,8,-0.203
"Vincent, Scott",Other Tours,195,7,401,-5,-0.215
"Higgo, Garrick",PGA Tour,196,-1,139,-1,-0.216
"Guerrier, Julien",DP World Tour,197,-1,165,-3,-0.216
"Kruyswijk, Jacques",DP World Tour,198,-1,193,-5,-0.22
"Davis, Cam",PGA Tour,199,-14,72,-1,-0.22
"Lebioda, Hank",Korn Ferry Tour,200,-2,155,5,-0.221
"Kokrak, Jason",LIV Golf,201,-2,null,0,-0.232
"Hillier, Daniel",DP World Tour,202,-2,172,-3,-0.235
"Svensson, Adam",PGA Tour,203,-2,197,0,-0.236
"Martin, Ben",PGA Tour,204,-1,318,-1,-0.239
"Silverman, Ben",PGA Tour,205,-1,219,-3,-0.242
"Vilips, Karl",PGA Tour,206,-1,105,-1,-0.244
"Rosenmueller, Thomas",PGA Tour,207,-1,258,-4,-0.245
"Ding, Wenyi",DP World Tour,208,-1,349,0,-0.248
"Veerman, Johannes",DP World Tour,209,-1,160,-5,-0.253
"Molinari, Edoardo",DP World Tour,210,12,424,-13,-0.254
"Varner III, Harold",LIV Golf,211,-2,null,0,-0.255
"Hoshino, Rikuya",PGA Tour,212,-2,233,-2,-0.26
"Steelman, Ross",Korn Ferry Tour,213,-2,302,5,-0.268
"Mullinax, Trey",PGA Tour,214,-2,337,-2,-0.272
"Langasque, Romain",DP World Tour,215,-2,130,-2,-0.278
"Springer, Hayden",PGA Tour,216,-2,159,4,-0.282
"Tosti, Alejandro",PGA Tour,217,-2,146,-2,-0.287
"Lashley, Nate",PGA Tour,218,-1,220,-2,-0.29
"Soderberg, Sebastian",DP World Tour,219,-1,162,-6,-0.294
"Steele, Brendan",LIV Golf,220,-1,null,0,-0.296
"Fitzpatrick, Alex",DP World Tour,221,-1,241,-2,-0.298
"Bjork, Alexander",DP World Tour,222,1,326,-5,-0.304
"Ayora, Angel",DP World Tour,223,1,220,0,-0.317
"Schneider, Marcel",DP World Tour,224,1,246,-1,-0.319
"Goodwin, Noah",PGA Tour,225,1,313,7,-0.33
"Wu, Dylan",PGA Tour,226,1,279,-4,-0.331
"Lindell, Oliver",DP World Tour,227,1,292,1,-0.341
"Zanotti, Fabrizio",DP World Tour,228,2,295,-1,-0.347
"Griffin, Lanto",PGA Tour,229,7,291,-4,-0.349
"Noh, S.Y.",Korn Ferry Tour,230,1,360,1,-0.351
"James, Ben",Amateur Events,231,15,null,0,-0.353
"Kohles, Ben",PGA Tour,232,0,198,-2,-0.356
"Kaewkanjana, Sadom",Other Tours,233,0,240,0,-0.363
"Lacroix, Frederic",DP World Tour,234,-13,207,-6,-0.365
"Snedeker, Brandt",PGA Tour,235,-1,294,2,-0.376
"Dou, Zecheng",Korn Ferry Tour,236,-1,378,-1,-0.379
"Kozuma, Jinichiro",Other Tours,237,12,473,-2,-0.385
"Crocker, Sean",DP World Tour,238,2,247,-3,-0.39
"Nyholm, Pontus",Korn Ferry Tour,239,2,227,-2,-0.391
"List, Luke",PGA Tour,240,3,209,-2,-0.401
"Kimsey, Nathan",DP World Tour,241,3,468,-9,-0.405
"Mansell, Richard",DP World Tour,242,3,156,-3,-0.408
"Elvira Mijares, Ignacio",DP World Tour,243,4,216,-2,-0.41
"Robinson-Thompson, Brandon",DP World Tour,244,4,199,0,-0.417
"Gonzalez, Emilio",Korn Ferry Tour,245,-8,321,-7,-0.418
"Chatfield, Davis",Korn Ferry Tour,246,4,208,2,-0.419
"Hardy, Nick",PGA Tour,247,4,351,-3,-0.42
"Siem, Marcel",DP World Tour,248,4,226,-5,-0.421
"Laird, Martin",PGA Tour,249,4,277,-4,-0.424
"Higa, Kazuki",Other Tours,250,5,269,-1,-0.431
"Lee, Richard",Other Tours,251,35,154,10,-0.432
"Olesen, Jacob Skov",DP World Tour,252,2,354,3,-0.433
"Van Tonder, Daniel",Other Tours,253,3,168,-1,-0.435
"Catlin, John",Other Tours,254,3,148,-2,-0.438
"Potgieter, Aldrich",PGA Tour,255,3,127,2,-0.439
"Scrivener, Jason",DP World Tour,256,3,307,-3,-0.439
"Willett, Danny",PGA Tour,257,3,286,0,-0.442
"Grace, Branden",LIV Golf,258,3,472,-5,-0.444
"Von Dellingshausen, Nicolai",DP World Tour,259,3,194,1,-0.447
"Surratt, Caleb",LIV Golf,260,3,372,-2,-0.451
"Meronk, Adrian",LIV Golf,261,3,307,-6,-0.454
"Mouw, William",PGA Tour,262,3,222,5,-0.457
"Schenk, Adam",PGA Tour,263,39,149,3,-0.46
"Campbell, Ben",Other Tours,264,2,206,-2,-0.46
"Lower, Justin",PGA Tour,265,-91,115,-1,-0.461
"Kaneko, Kota",Other Tours,266,-28,243,-1,-0.462
"Mickelson, Phil",LIV Golf,267,14,null,0,-0.467
"Armitage, Marcus",DP World Tour,268,1,211,-2,-0.476
"Ford, David",Amateur Events,269,1,null,0,-0.481
"Horikawa, Mikumu",Other Tours,270,17,333,19,-0.481
"Cink, Stewart",PGA TOUR Champions,271,0,null,0,-0.488
"Champ, Cameron",PGA Tour,272,1,323,0,-0.491
"Skinns, David",PGA Tour,273,1,262,-2,-0.492
"McDowell, Graeme",LIV Golf,274,1,null,0,-0.492
"Brown, Daniel",DP World Tour,275,1,164,-5,-0.495
"Kizzire, Patton",PGA Tour,276,1,157,-3,-0.496
"Na, Kevin",LIV Golf,277,1,null,0,-0.499
"Bryan, Wesley",PGA Tour,278,1,301,-3,-0.5
"Docherty, Alistair",Korn Ferry Tour,279,-50,253,-3,-0.517
"La Sasso, Michael",Amateur Events,280,4,null,0,-0.52
"Vincent, Kieran",Other Tours,281,-1,345,-2,-0.522
"Ramsay, Richie",DP World Tour,282,0,273,-2,-0.525
"Shelton, Robby",PGA Tour,283,0,310,-4,-0.529
"Coussaud, Ugo",DP World Tour,284,1,242,-1,-0.537
"Shipley, Neal",Korn Ferry Tour,285,3,145,-2,-0.541
"Clements, Todd",DP World Tour,286,3,346,-7,-0.549
"Redman, Doc",Korn Ferry Tour,287,3,455,-8,-0.556
"Horsfield, Sam",LIV Golf,288,3,null,0,-0.556
"Pak, John",PGA Tour,289,3,249,8,-0.558
"Migliozzi, Guido",DP World Tour,290,-51,185,-3,-0.56
"Gordon, Will",PGA Tour,291,2,280,-1,-0.561
"Syme, Connor",DP World Tour,292,3,147,-2,-0.564
"Winstead, Trey",Korn Ferry Tour,293,3,276,-2,-0.569
"Montgomery, Taylor",PGA Tour,294,4,259,4,-0.569
"Kinoshita, Ryosuke",Other Tours,295,-27,293,-1,-0.571
"Alker, Steven",PGA TOUR Champions,296,3,null,0,-0.574
"Higgs, Harry",PGA Tour,297,3,150,-3,-0.575
"Blair, Zac",PGA Tour,298,-1,298,-14,-0.575
"Aphibarnrat, Kiradech",DP World Tour,299,2,320,-2,-0.577
"Stout, Preston",Amateur Events,300,3,null,0,-0.58
"Pavan, Andrea",DP World Tour,301,-59,304,-7,-0.584
"Winther, Jeff",DP World Tour,302,2,267,-2,-0.587
"Stricker, Steve",PGA TOUR Champions,303,2,null,0,-0.587
"Menante, Dylan",Korn Ferry Tour,304,2,453,4,-0.59
"Otaegui, Adrian",DP World Tour,305,2,275,-3,-0.591
"Streelman, Kevin",PGA Tour,306,2,284,-4,-0.593
"Widing, Tim",PGA Tour,307,2,260,-4,-0.6
"Wiesberger, Bernd",DP World Tour,308,2,245,-2,-0.6
"Valdes, Brendan",Amateur Events,309,2,null,0,-0.612
"Duncan, Tyler",PGA Tour,310,2,361,-1,-0.613
"NeSmith, Matt",PGA Tour,311,2,315,-3,-0.613
"Lamb, Rick",Korn Ferry Tour,312,2,261,1,-0.619
"Ortiz, Alvaro",Korn Ferry Tour,313,-46,357,-6,-0.621
"Pavon, Matthieu",PGA Tour,314,-20,74,1,-0.622
"Tabuena, Miguel",Other Tours,315,0,344,-3,-0.631
"Alexander, Tyson",Korn Ferry Tour,316,0,343,-1,-0.632
"Lamprecht, Christo",Korn Ferry Tour,317,0,256,-3,-0.635
"Lemke, Niklas",DP World Tour,318,0,415,-5,-0.635
"Shore, Davis",Korn Ferry Tour,319,0,317,-1,-0.637
"Cone, Trevor",PGA Tour,320,62,392,62,-0.647
"Suber, Jackson",PGA Tour,321,-1,225,-3,-0.649
"Smyth, Travis",Other Tours,322,-1,309,-4,-0.653
"Gilligan, Ian",Amateur Events,323,-1,null,0,-0.657
"Lee, K.H.",PGA Tour,324,-1,223,3,-0.658
"Lewis, Bryce",Korn Ferry Tour,325,-1,484,-3,-0.659
"Suh, Justin",Korn Ferry Tour,326,-1,215,4,-0.66
"Katsuragawa, Yuto",DP World Tour,327,-1,272,4,-0.667
"Dunlap, Nick",PGA Tour,328,-1,68,-5,-0.676
"Brennan, Michael",Other Tours,329,-1,463,-1,-0.677
"Del Rey, Alejandro",DP World Tour,330,0,188,-1,-0.684
"Maichon, Phichaksn",Amateur Events,331,0,null,0,-0.685
"Nunez, Augusto",Korn Ferry Tour,332,0,null,0,-0.69
"Molinari, Francesco",PGA Tour,333,0,488,-4,-0.691
"Dickson, Taylor",PGA Tour,334,0,232,3,-0.691
"Kobori, Kazuma",DP World Tour,335,0,325,-1,-0.692
"Holt, Ian",Korn Ferry Tour,336,1,364,-1,-0.701
"Tuten, Shad",Korn Ferry Tour,337,1,377,-1,-0.702
"Song, Younghan",Other Tours,338,20,281,9,-0.703
"Blanchet, Chandler",Korn Ferry Tour,339,-10,398,-5,-0.704
"Paul, Yannik",DP World Tour,340,-1,239,-2,-0.705
"Wolff, Matthew",LIV Golf,341,-1,null,0,-0.713
"Hill, Calum",DP World Tour,342,0,190,-1,-0.715
"Peterson, Paul",PGA Tour,343,0,268,-1,-0.719
"Van Driel, Darius",DP World Tour,344,0,229,-1,-0.72
"Forrest, Grant",DP World Tour,345,0,285,-3,-0.732
"Gouveia, Ricardo",DP World Tour,346,0,355,0,-0.733
"Weiler, Joe",Korn Ferry Tour,347,0,402,-3,-0.739
"Imahira, Shugo",Other Tours,348,-12,234,0,-0.748
"Johnson, Michael",Korn Ferry Tour,349,-1,457,-2,-0.751
"Taylor, Ben",Korn Ferry Tour,350,-1,454,-3,-0.751
"Van Paris, Jackson",Amateur Events,351,-1,null,0,-0.752
"Jones, Matt",LIV Golf,352,-1,null,0,-0.761
"Rozo, Marcelo",Korn Ferry Tour,353,-1,487,-1,-0.765
"Bauchou, Zach",Korn Ferry Tour,354,-13,324,-2,-0.77
"Tway, Kevin",PGA Tour,355,-2,335,-5,-0.773
"Stenson, Henrik",LIV Golf,356,-2,null,0,-0.777
"Phillips, Trent",Korn Ferry Tour,357,11,411,-6,-0.778
"Kang, Jeffrey",Korn Ferry Tour,358,-3,386,2,-0.78
"Walsh, Thomas",Korn Ferry Tour,359,-3,468,2,-0.781
"Velo, Kevin",PGA Tour,360,10,421,-8,-0.783
"Wu, Brandon",DP World Tour,361,-2,399,-8,-0.788
"Gabrelcik, Nick",Korn Ferry Tour,362,-2,407,-5,-0.789
"Cantero Gutierrez, Ivan",DP World Tour,363,-2,300,-1,-0.79
"Green, Gavin",DP World Tour,364,-2,370,-1,-0.791
"Brown, Blades",Amateur Events,365,-2,null,0,-0.793
"Jamieson, Scott",DP World Tour,366,-2,350,-4,-0.8
"Maguire, Jack",Korn Ferry Tour,367,-2,438,4,-0.802
"Vaillant, Tom",DP World Tour,368,-2,387,-6,-0.803
"Semikawa, Taiga",Other Tours,369,-2,282,-1,-0.804
"Shogenji, Tatsunori",Other Tours,370,-13,274,4,-0.812
"Norrman, Vincent",PGA Tour,371,-2,380,-5,-0.813
"Knox, Russell",Korn Ferry Tour,372,-1,336,-3,-0.815
"Hadley, Chesson",PGA Tour,373,-1,441,-13,-0.817
"Capan III, Frankie",PGA Tour,374,-1,201,-3,-0.818
"Larrazabal, Pablo",DP World Tour,375,-1,299,4,-0.818
"Sherwood, Cole",Korn Ferry Tour,376,-1,340,0,-0.82
"Yonezawa, Ren",Other Tours,377,-1,238,0,-0.824
"Kho, Taichi",Other Tours,378,-1,406,-5,-0.825
"Buckley, Hayden",PGA Tour,379,-1,371,1,-0.827
"Waring, Paul",DP World Tour,380,-1,151,-3,-0.828
"Xiong, Norman",PGA Tour,381,-1,443,0,-0.832
"McCormick, Ryan",Korn Ferry Tour,382,52,383,41,-0.833
"Ravetto, David",DP World Tour,383,-2,231,-1,-0.833
"Bradbury, Dan",DP World Tour,384,-1,228,-5,-0.849
"Hebert, Benjamin",DP World Tour,385,-1,436,-5,-0.852
"Lipsky, David",PGA Tour,386,-1,217,-2,-0.853
"Dean, Joe",DP World Tour,387,-1,176,-4,-0.854
"Senior, Jack",DP World Tour,388,-1,369,-1,-0.857
"Wilson, Andrew",DP World Tour,389,-1,410,-4,-0.858
"Dantorp, Jens",DP World Tour,390,-1,368,-1,-0.859
"Shimizu, Taisei",Other Tours,391,0,250,8,-0.873
"Elvira, Manuel",DP World Tour,392,0,375,-1,-0.875
"Wu, Ashun",DP World Tour,393,0,264,0,-0.876
"Smylie, Elvis",DP World Tour,394,0,213,-1,-0.877
"Thornberry, Braden",PGA Tour,395,0,346,-3,-0.879
"Cockerill, Aaron",DP World Tour,396,0,353,1,-0.887
"Hitt, Austin",Korn Ferry Tour,397,0,450,-1,-0.889
"Merritt, Troy",PGA Tour,398,0,366,-2,-0.889
"Broomhead, Jonothan",Other Tours,399,0,384,-4,-0.894
"Jimenez, Miguel Angel",PGA TOUR Champions,400,0,null,0,-0.901
"Reavie, Chez",PGA Tour,401,0,null,0,-0.902
"Nienaber, Wilco",DP World Tour,402,0,352,-2,-0.903
"VanDerLaan, John",Korn Ferry Tour,403,0,null,0,-0.907
"Halvorsen, Andreas",DP World Tour,404,0,392,-2,-0.908
"Ritchie, JC",Challenge Tour,405,26,456,4,-0.909
"Whitney, Tom",Korn Ferry Tour,406,-1,null,0,-0.909
"Schniederjans, Ollie",Korn Ferry Tour,407,-1,316,-3,-0.918
"Els, Ernie",PGA TOUR Champions,408,-1,null,0,-0.918
"Bacha, Carson",Amateur Events,409,-1,null,0,-0.92
"Luck, Curtis",Korn Ferry Tour,410,-1,432,-5,-0.925
"Anderson, Matthew",Korn Ferry Tour,411,-1,322,7,-0.928
"Premlall, Yurav",Other Tours,412,-1,null,0,-0.93
"Jarvis, Casey",DP World Tour,413,-1,358,1,-0.945
"Shinkwin, Callum",DP World Tour,414,-1,null,0,-0.948
"Russell, Miles",Amateur Events,415,-1,null,0,-0.954
"Ogiso, Takashi",Other Tours,416,6,405,-5,-0.957
"Hidalgo, Angel",DP World Tour,417,0,236,-3,-0.959
"Tarren, Callum",DP World Tour,418,0,446,-5,-0.959
"Kinhult, Marcus",DP World Tour,419,0,288,-3,-0.96
"Kawamoto, Riki",Other Tours,420,-5,439,-2,-0.963
"Williams, Robin",DP World Tour,421,-1,252,-4,-0.964
"Ballester, Jose Luis",Amateur Events,422,-6,null,0,-0.965
"Gomez, Fabian",Korn Ferry Tour,423,-2,null,0,-0.971
"Poulter, Ian",LIV Golf,424,-1,null,0,-0.974
"Del Solar, Cristobal",PGA Tour,425,-1,312,-4,-0.975
"Teater, Josh",Korn Ferry Tour,426,-1,319,0,-0.979
"Piercy, Scott",PGA Tour,427,-1,null,0,-0.984
"Ok, Taehoon",Other Tours,428,51,379,30,-0.984
"Villegas, Camilo",PGA Tour,429,-2,303,-3,-0.984
"Schmidt, Ben",DP World Tour,430,-2,460,3,-0.984
"Frittelli, Dylan",DP World Tour,431,-2,328,-2,-0.986
"Suri, Julian",Korn Ferry Tour,432,-2,414,-7,-0.987
"Kieffer, Maximilian",DP World Tour,433,-1,491,-8,-0.99
"Campos, Rafael",PGA Tour,434,-1,218,-1,-0.993
"Andersen, Mason",PGA Tour,435,0,433,0,-0.996
"Harrington, Padraig",PGA TOUR Champions,436,0,null,0,-0.998
"Onishi, Kaito",PGA Tour,437,0,400,-7,-1.006
"Creighton, Myles",Korn Ferry Tour,438,0,442,-6,-1.007
"Purcell, Conor",DP World Tour,439,0,348,-3,-1.01
"Voke, Nick",Other Tours,440,0,449,-3,-1.014
"Fang, Ethan",Amateur Events,441,1,null,0,-1.017
"Southgate, Matthew",DP World Tour,442,1,382,-4,-1.017
"Law, David",Challenge Tour,443,1,429,-3,-1.018
"Rottluff, Max",DP World Tour,444,1,null,0,-1.022
"Hosono, Yusaku",Other Tours,445,46,null,0,-1.024
"Micheluzzi, David",DP World Tour,446,0,254,-5,-1.024
"Iwata, Hiroshi",Other Tours,447,6,311,4,-1.026
"Kaymer, Martin",LIV Golf,448,-1,null,0,-1.031
"Maas, Christian",Amateur Events,449,-1,null,0,-1.038
"Dossey, Cooper",Korn Ferry Tour,450,-1,null,0,-1.038
"Mazzoli, Stefano",Challenge Tour,451,3,413,3,-1.042
"Chappell, Kevin",PGA Tour,452,-2,417,-9,-1.051
"Lagergren, Joakim",DP World Tour,453,-63,191,-6,-1.054
"Bateman, Wil",Korn Ferry Tour,454,-2,null,0,-1.058
"McAllister, Logan",Korn Ferry Tour,455,0,305,4,-1.062
"Schott, Freddy",DP World Tour,456,1,419,-5,-1.068
"Blaum, Ryan",Korn Ferry Tour,457,1,485,3,-1.069
"Westmoreland, Kyle",Korn Ferry Tour,458,1,283,0,-1.071
"Snyman, Ian",Other Tours,459,1,447,-3,-1.076
"Gilbert, Josiah",Amateur Events,460,1,null,0,-1.077
"Donald, Luke",DP World Tour,461,1,null,0,-1.08
"Creel, Joshua",Korn Ferry Tour,462,1,498,1,-1.083
"Ege, Mats",Other Tours,463,1,null,0,-1.087
"Modleski, Jacob",Amateur Events,464,1,null,0,-1.088
"Cappelen, Sebastian",Korn Ferry Tour,465,1,431,1,-1.088
"Nimmer, Bryson",Korn Ferry Tour,466,1,289,-1,-1.091
"Brown, Hamish",DP World Tour,467,1,287,2,-1.099
"Nemecz, Lukas",DP World Tour,468,0,467,0,-1.1
"Dougherty, Kevin",Korn Ferry Tour,469,0,null,0,-1.101
"Bring, Christoffer",Challenge Tour,470,0,null,0,-1.103
"Khongwatmai, Phachara",Other Tours,471,1,480,-7,-1.106
"Vogel, T.J.",Korn Ferry Tour,472,1,null,0,-1.106
"Scott, Sandy",Korn Ferry Tour,473,1,496,-5,-1.109
"Lee, Chieh-Po",Other Tours,474,1,330,-3,-1.113
"Aiken, Thomas",DP World Tour,475,1,492,-7,-1.115
"Masaveu, Luis",LIV Golf,476,1,null,0,-1.115
"De Leo, Gregorio",DP World Tour,477,1,null,0,-1.116
"Fichardt, Darren",DP World Tour,478,2,475,-11,-1.121
"Yellamaraju, Sudarshan",Korn Ferry Tour,479,3,306,5,-1.122
"Ishizaka, Tomohiro",Other Tours,480,17,null,0,-1.125
"Cabrera Bello, Rafa",DP World Tour,481,3,null,0,-1.132
"Gandon, Jeremy",Korn Ferry Tour,482,4,248,11,-1.134
"Pulkkanen, Tapio",DP World Tour,483,4,404,-6,-1.137
"Walker, Euan",Challenge Tour,484,4,null,0,-1.14
"Byrd, Jonathan",PGA Tour,485,4,null,0,-1.141
"McCarthy, Dan",Korn Ferry Tour,486,4,null,0,-1.142
"Hahn, James",PGA Tour,487,-6,null,0,-1.144
"Ishikawa, Ryo",Other Tours,488,4,297,5,-1.149
"Summy, Jase",Amateur Events,489,4,null,0,-1.151
"Janewattananond, Jazz",Other Tours,490,4,null,0,-1.151
"Sloan, Roger",Korn Ferry Tour,491,4,494,-2,-1.153
"Morrison, Tommy",Amateur Events,492,4,null,0,-1.154
"Jenkins, Carter",Korn Ferry Tour,493,5,359,-1,-1.166
"Sato, Taihei",Other Tours,494,0,null,0,-1.168
"Steinlechner, Maximilian",Challenge Tour,495,-54,391,-4,-1.169
"Cho, Wooyoung",Other Tours,496,-11,422,-7,-1.17
"Lee, Sang-hee",Other Tours,497,-27,478,-1,-1.171
"Bryant, Davis",DP World Tour,498,2,null,0,-1.171
"Westwood, Lee",LIV Golf,499,0,null,0,-1.173
"Albertson, Anders",PGA Tour,500,0,null,0,-1.175
